id_disease,disease_name,dna_sequence
1,"warfarin sodium",TGGGAGGTAATAGAGGAAGTCTCGACCATGGTCTTAAATATGCCAAACAT
2,"TITANIUM DIOXIDE",AGTAATCTGGCGACTTCGGAGTAGCTCGTCTGGAGGAAGGCTGTCGACAACG
3,Pramipexole,CACTTGAGGCAATAATCCCGTCTAAGACTGATCTTAATT
4,Loperamides,CCAGCGTTCTATAATCTGTTGGATTTCTTCCAGATTAGTCTTAAAATGCATGGATAATCTACGCTGCTCGGCTCATTCGCTGTAAGGGTCCCCTAC
5,"ethyl alcohol",GTGGAAAAATAGACCGGAAATGAATTTTGGACGACGCAACAATGCGGTACCCC
6,"Bupropion Hydrochloride",AGACTGGGGAAAGCATCGCCTGAAGGATATGGTAGG
7,TRIFLUOPERAZIN,CCTCTTTTGGCGTCGCATCAGAAAGTATCTAACTGGAGGCGAGGGTACTACCTTAGGGTTCGTGGTGGGAAGAGCATAGTGCGCATTACTGGTCCAC
8,PREDNISONE,TCATTAGATACGCC
9,"Walnut English Pollen",TGCATTGTGCCAATTTT
10,"Chlorhexidine Gluconate",GTTTAGCAGCACGTTACGCTTTTCTGATCTATACATTTCCTGTAATAGTAGGT
11,Hydroxyzine,ACACGATGTCCAAGGTATCCCCCACCCCGAACTCCCAACGCTTAGGGGGAAAATCTTGGGTACCTCTTGTACGTCC
12,MUPIROCIN,CATTACGTACATATTGCTAGCACGTGTCTTTCATCCTACTATGCCTGAACG
13,Furosemide,ATGTACCTTGCAAGTAAACCTTTCAGAGTCATTGCGCCTTCACAGTAATGATGGCCTCGATT
14,lamivudin,CCAGGTATCTACCCACCAGTAAGCGGGCAGCGTA
15,Spironolactone,GCTAGCGCTAGGGGCAGGTAATCGTGGTCCAAGGTTGGACGTTTACAGTGACTGACTTCTTGGGACACACGCGACCGGTTAGCCTCCGTTCAATA
16,Simvastatin,CGGTCATCGGTCGCTCTACGGAAGAGTGAGCAACTCGAACATTGACGGATACTGGCTACTCTGGGCGCCGTAGCACG
17,CEFTAZIDIME,TTGGAGGAAAGACCAGACAGGCGGTTATGGCACCGCTAGAGTCCG
18,"triamcinolone acetonide",ACGGTACACGTCCCTGCCGCTTCCGAAATTAACTACCAAATCGTCTCTTGTCCTACATTTAGGGAGTTACGT
19,Triclosan,AAGGGTATTGGACATTTGCCCACTGACTCATCGCGTGCTCTTAGGAAATAGATGAGCTAGCAACCGCCGCCGAGGGTTAATG
20,Torsemide,TTAGGGGATTGCCAAGAGCACGCCATGGGATGGTTCCTTCTATGGCGACAGCGGAGTTTTGCGCG
21,"Titanium Dioxide Ferguso",GACTCGGGACATCTAGTACGTAAATCGCAGGGTAGTACCGTAATCAAAGGACTAAATCATTCAGGCGGCCTGCTGCTTGTCAGGTA
22,Minoxidil,GGCCCGTATGCATGGTCTCTAAAGGGTACCA
23,Aspirin,CCACGGATAATTGGATCCTTGCGGGCATTTTTGGTTAGCTCCAGCTCATGCCTGGGGGAAGGC
24,Tobramycin,GCTGGTAAGGTATAAATGCGC
25,Sulfamethoxazole,AGGTGTCCGCTATTCCCACCCTCTGCGTGTACTATAAAGCTGTAGGAACTGCGCTCGTTTCTAGCTGTAACGCGGAGTTGTCACGAC
26,Nateglinide,GCTTCTCCACTAATGGTTATGGAGTCTAGGAACACCACCTGCGCAACCTTGCATCTCCCGGCCGC
27,"Potassium Chloride",ACTTTAGAGGTTGGATGGCAGCCTGGTCGGAGCGGTTAATCTGCAGGACCGACACTGTCACGGTACTCAGACATCGCGAACGGGA
28,"Honey Bee hymenoptera",GGGTGACAGATTCTGCCGTGTAACTGCTAAAGGAGCCTCCCAGCAC
29,"Sodium Fluoride",AAGGATTGGG
30,"Italian Rye Grass",CACCTGACCGGTAAAGACTTAGATGAAGTACGGCCTTGCACCAGCACTGCTCCAAGGAGATTAGCGTCATCATTAAGATTTTCCG
31,Avobenzone,GTGGGGAATCTTGTTAAAATTGCATG
32,"ACONITUM NAPELLUS",TCCGATGGCAAATATAGCTGTCATGGACAAGCTGTGGTACGCATCTCTTCTAAGGCCCAATTCAAAACCCGGAGCATG
33,"Pravastatin Sodium",TATTTCGTTAGTCCGGGGGACAGAGGGAATGCCCACGTAGGACTAACGGTTAAATATAA
34,"ziprasidone hydrochloride",TTTCCGCCAAGGTGAAGAATGGACGTTGTTAATCTGCAACTTAGCACTGAGCTGCCTG
35,"amlodipine besylate",CCTGCCGACACGCGTATTCACTGGCCACTCGC
36,"ARNICA WHOLE PLANT",CGTATGCGTTTCGGCTAAACCAATCAGGAGATTGACTGGTCGGTTCCTTACGGAGCATCG
37,"Titanium Dioxide Roxanne",GAACTCTCACCCTCGAATTCTGAACCCGTCGGCTTATTTCCTAAGTGTCCTTTGAATGAACT
39,"Arnica montana",TCCAGATATGGGCCCACGGAAAGGAGCGCTTATGCGCATCCCGGGTTTAAACATCCCGCAGCTCAGCTGCACCGAGAATGCGCACCCCATGAT
40,HOMOSALATE,AAGCGCGTGCTCGTTAGTGAGTGCAGGTCACCATGGGCACTACTACGGAGCTTTAGCGTGATGGAAATGGTTTTGCACCT
41,"choriogonadotropin alfa",ATTAGGCACGGAAAACACTTAACCCCTTGGCTCGATTGACTCTCCTTAGGCGGAATTCTAGCCGTGCTGTCAATATCGGTTCAAAATTCTTAACT
42,Urea,AAGAAAAACGCTACACACAGCGGCGTAACTTCTAT
43,Ibuprofen,AAGACATTTCGAACAGTTACCTCACCTCATCTCTGCTCGTTTGGAATTGAATAGCCCTTACACCCG
44,Hydroquinone,TTGTGCAAGCAGTTCATAAGGATGCTAACTTACCCGGCCCCGGCCC
45,Acetaminophen,CGGCCAATAGAGTT
46,"CARBAMIDE PEROXIDE",GCAGTTCGTATCGCTGCAGTCGTCTAGTGGTGGCGTAGGAAAGGCGTGTAGGCGCCACTCTTTCACGTAATATGACGGACA
47,Octinoxate,CCCCCTGCCTCAAATCAAATTCTCAGTCATGGCATCGTGAAATTCCGAGCGCCACCGATGAGTTCGAAACCGAAGAAGTGTTCC
48,"Salicylic Acid",AAAAGGCACATTGTTTCAGATACGCATA
49,"Octinoxate ARNICA",TATGGTGCAGGGCGAGCGACTAAAGGCGAGGATCTTCGGTAAATTTCTTCAGTTGGTCCTTTGAACTGCGTTCGACGTGTTTAGGTATCAGTGAT
50,"losartan potassium",TGCGACTAAGCTAAATTCGATCGCATAGACTTTTAGCAGGACGGGTACTCGTGAACACTATAATGCACCGTAATCC
51,Levetiracetam,ATAGACCTGGGATGATTTCCGCGGACGACCGACTGTATACAT
52,Carisoprodol,GGAAGTTCTACCTACGTCACG
53,"Alendronate Sodium",GGTTATACTCTCCGTCACTAAAACAACTTTGTCACTGCCCG
54,"Venlafaxine Hydrochloride",GAGGGCCGAAAACGTTCGC
55,Salsalate,CGTCACAAATGAGCCCTTAGGCTCGACCAAGATACTAGACATTCAATACAATCACATACGCCTAGGCCCGAGAACGGGTAAA
56,Avobenzo,CACTGACCGTTGGACATCTAGTTCTTGGGGCAGGGGAGTACGTTTCTACTCGAACGCTGCATATTGG
57,"Methylprednisolone Acetate",GGAACATAGGCATTTGGACAAACGTACCGTTCTAGACTTGCCTTACTTGGTACTCGAGAATG
58,"Bacitracin Zinc",TGGCCGTGACGTGGACTATGGGCTGAGATAGAGCGTCGTTCTACCTGTATTGAATATGCGTTCGGAAAGC
59,"Meperidine Hydrochloride",AAGCGCTAGAACCTTAGGCAGGCCCAGCGCACCAATCTGTAACGCAACGTCGCACTCGGAAA
60,"NALOXONE HYDROCHLORIDE",GTTTTTTCCAG
61,"PANTOPRAZOLE SODIUM",ACGGTTGAATGTGCTCAGGACCAAAATACACCTACTTCGGTAGGGCCGCACCAACTGCAAGGGTA
62,"borage oil",TGGCCCTTGCCGCCTTCTCTAGATGACGAGTTATGCGTAGGAGTGACATTGTATGTAGGTAGCCAGCGTCT
63,"Fibrinogen Huma",CATTATCTCCGTTGA
64,Tadalafil,CCAAACGTGCGATCTCTCGTGGTCGTTGTCTTAAGTACACTTCGTCATACCAGATATGGATCTTACTTGCGGTTGTGCTATTCGGC
65,"clobetasol propionate",AAGTCCTAACAATCATTGCATATTATCCACTAGAGTCGGAGAAAGAGAATCGCATTTATGAGATCCACC
66,"Potassium Chlori",AATTTGGTTCGGCCGGTGGGGTCCGGGCT
67,"Lidocaine Hydrochloride",GAGAAGCCAAACTACGTAATCGATAATAGAACGAATCAAAATTGA
68,"Hydroquinone Arnica",TCTACAACATGTGGGCAGTCCGCGGATGCTGCCC
69,ERYTHROMYCIN,GTTTCTGTAACCGACAGATATA
70,piroxicam,ATTACTACCGAGCTCGGTAAATTTGTTGGGCCGCC
71,"Epicoccum nigrum",TAGATCTAGCAACCAACTGCCAGGCCACGGCGAACTGCGAGAGATGTGCCGCTAGCCTGTGTCCATAACCT
72,"silver sulfadiazine",TGCCAAGAATGGCACGATGCGCTGCCTACTTGTAAGCTATGCCGATATTCACGCCCCTGCA
73,"Nicotine Polacrilex",GGAACCCGCATTTCCTTACTCGCCGTATAA
74,"HYDROQUINONE besylate",TTAAATCGTGAAGCGGACGTACAAAGTCCTGAAGGAAACCTC
75,"clobetasol propionate ACONITUM",GGCCTTCTATTTCGCCATTGCTCCGGGATAGGGATCGACCGAGCCAGGCGAAATTAGGCACCGGCCGTACTT
